{
    "rmse": 0.762794521686023,
    "r2": 0.10963999179642625,
    "mae": 0.6188630472018415
}